{
  "config": {
    "step": {
      "user": {
        "title": "PPA Contatto",
        "description": "Enter your PPA Contatto credentials",
        "data": {
          "email": "Email",
          "password": "Password"
        }
      }
    },
    "error": {
      "cannot_connect": "Failed to connect to PPA Contatto API",
      "invalid_auth": "Invalid authentication credentials",
      "unknown": "Unexpected error occurred"
    },
    "abort": {
      "already_configured": "Account is already configured"
    }
  }
}
